{
  "split": "train",
  "total_samples": 25238,
  "avg_accuracy": 0.9990622606123042,
  "task_accuracies": {
    "mark": 0.9977018781202948,
    "aggregate": 0.999603772089706,
    "filter": 0.9998415088358824,
    "group": 0.998811316269118,
    "sort": 0.9994452809255884,
    "bin": 0.9989698074332356
  }
}